subject,rank,x0_spearman,ez_auprc,recall_at_ez_count,first_ez_rank,ez_count,weights_sha256,laplacian_sha256
sub-001,10,0.3024444112611625,0.4740740740740741,0.3333333333333333,1,3,08243b0af740a36cf67e33e8c1bb18a4d9bfbfd6b2b3d24384652064156f57c1,7daf844ac3a8036bcc500ec93b78f331dc5c7930888204a2481e42ae2a516e39
sub-002,10,0.38138569684252793,0.38643929897894097,0.26666666666666666,1,15,a2ac0250c64fde2b7b929fdf55a2aaa8f96230dd055a004cd854ee3526c8a5a4,d7c32ee4736eab801eb4197dfa2a2265c293e6c369118472373f975121bd59b1
sub-003,10,0.376984402256797,0.641391797975063,0.5,1,8,d175014d77247451b8b467a94681ee502c654c8f0f2aeee25930d881bdb17ed8,0225a28b296f1062fe1d8bf9260c176e4b9f6cc09e3a79b2245c10fbac60c2d8
sub-004,10,0.3278334703373429,0.5194805194805194,0.3333333333333333,1,3,a91e83e94a8dc7a12903ebcd3504156b6e61bb5f5ca0e3ec54330ce1f3f24da9,38d3ddb9102f564d25ae6cfa4a1d4b4150fa50ac5c1ce68d7fade786e7bd7ea4
sub-005,10,0.2942562253500821,0.48553373974638825,0.5,1,8,de12904856a0dbfef598a7ae22f942b1aa9af1085c2a1ea53e9f6bd9b58a9ff4,2c747778570d0f21693fed421181a29f8e8c7f928f885b8a809c9600dc6f10a4
sub-006,10,0.2897787541605618,0.2888888888888889,0.3333333333333333,4,6,c3290bde41697ed30900560c96276418ef3b8ce8ea986dd41f221dd310554b34,d1222d5f4151dd3979497cf1e25ce833f14cd6752299c28476eb387ebb31b993
sub-007,10,0.33191242949025707,0.4539820806371329,0.42857142857142855,1,7,66c4ded482360186ac3809e3f2ff67ec648f99ec942dd02a5d0f195757402798,7aecf233e4baae34fd09c2a147f50466db1700b93af61880432aaf25a142e52f
sub-008,10,0.23476558123511587,0.3377450980392157,0.25,2,4,b592e532a8f2b353eac41a000c46a22d4066f88b38308d8b55dbc85fda1366ab,681059c933f755dafcbefa0067f3774b82ac7ba595a4e9b54aa98b4ff9a82338
sub-009,10,0.18864355098972338,0.11484593837535013,0.0,5,3,a5c2106c514a9d7a256cb0e75b0975619aa4f8b13777541b388f87080dad43be,4ab5fdc6a2d9934e0b9827798e2f014382dd90502c6d6d660335d365fb822b18
sub-010,10,0.3997596269521014,0.9,0.8,1,5,a1965952290b73f6ab256c216fc418443186fb19938692a462bd77806d2c0964,8d7e62888d773bc8da94bb2d6140463467b5227c0b84f4a19da773e903a9c550
sub-011,10,0.32661172285490625,1.0,1.0,1,2,4638eec93f33c5f23767dcc96a08ac109d0cf970bbdb58089a32bd242c1fdc5b,1c17b5d3a9384327e32905efbb74741695a59c378c95a76625d8dab631b08003
sub-012,10,0.43335251413414944,0.7985347985347985,0.7142857142857143,1,7,1978e990933c7eb373adce0cbd54e99a278408a14b7acf07e362bf939c3f5f9d,1414999d86a0b1233b5685650e9d10c847dbcce5ffd27717d541d1f8c94c88e5
sub-013,10,0.17881080178318484,0.08893280632411067,0.0,11,2,a5c7adff05d7290c4b18611f541d527a5e4b3437dfdfb39b031970758d6d8b3f,07fe7252492448df470ce621cfd6792dcbd46f21e6be0efc08952b3543fcde24
sub-014,10,0.2604491333411782,0.18084273182957394,0.25,4,4,2743e1171317a679edc848313efe7e62a96bd27b2a84abde73d091857822dc6b,4427f63128f05f972825b9caaafbd4c52c119073c24c8ce77e73f9417fea871f
sub-015,10,0.2631814302163547,1.0,1.0,1,1,921c0560dc4d6bdd9c1c0bd03a20be4df65179f9b937bb6475b490cd6b260666,622414c3961a8af13573e6ec551cd5258b8835002a7b487b6294df4627f04390
sub-016,10,0.1815941473957487,0.09259259259259259,0.0,9,2,c65efe9f22b870c61739f3e636f8aefb0e58bb6606e741d2a1ea31cd3ed64345,8338de1b6f9895a57f39b8244abc750403b1c13bf5bab854ea76fa06c1d6eacf
sub-017,10,0.44722051540064306,0.45562672935410503,0.5384615384615384,4,13,79e328b7c13a2ed33f047cac473c310a363510e9c746734cc2e6eef1a75e60d0,130c7a69aece5eb6234a0d056016fd30ed3ccb316f87e6663bfd1b3a7e02dc67
sub-018,10,0.38555458975684054,0.6235866543095459,0.6,1,5,634e657f0fbb11f6f9668452a310cbf67b4a44bf6662074c1597a671ee34d460,2b82b2cc6547bb4a555c4beb14c719d7a0932eab067ea35803155417bd42ea27
sub-019,10,0.3291431695246507,0.5059773559773559,0.4444444444444444,1,9,5972399d8cd10948554b0296573f9350607277674f6127e7933bec117b3b31d2,4458631788d94582a1b6c8e623dca07cd6efc08fbb40dff7f2309ff029d4ca19
sub-020,10,0.28869885302972265,0.5257322227136468,0.5,1,6,af66449aee20f362ed1a45b97b47792ecb0adc1a5d34032c32af3a3a440a097e,488d3ee08487195bf994ab31a684be2d4017bdcc44ffda6d9ee1e0b1cc9d5611
sub-021,10,0.22852540056868736,0.13224048813293662,0.0,9,6,870bd08479baf52d98a9577953327f5db203baf2b136d224e9cc043f2d50bff9,1eabe4d1a4493a5d9fbbb4372d393930e843040af30728deed16aa37995e4dcf
sub-022,10,0.09353279834668496,0.038461538461538464,0.0,26,1,6f1527e1a2f5ab065468c137ac88dd8494c37410b345d2b83188e874a0befb69,43f3a5d52e0bc8023fc090e420d936ddf979e0021a2cb98b6946748f0450d45b
sub-023,10,0.3186095382288314,0.44471175788236145,0.5384615384615384,1,13,e04a57c2886e0a0db9e12cfac05b6d85495b5a35cb68898b9f5a935e9ee8f24d,bc1415c0922241c6931e1f31a575421a18f534fb641af0fa4544d2970e0f71f7
sub-024,10,0.25531307041393186,0.3799242424242424,0.25,1,4,3e85af68c94cdc0de0762dec959ed7ebbcf87ef8096da603c8bbcd68fd955a81,f0a655b67306dbe2553f91ecb1a8b3feb345175b25ac01f7530674e9f0fb81c5
sub-025,10,0.09723777324172322,0.07692307692307693,0.0,13,1,8ffce6647b465a6e894ccf3740712f269fe0ae5dc4b703eb18c6c8084c935df3,2e0098ff82314cd3170ed25eed3d6ad07922cac23a178aa4f518b8d227c39482
sub-026,10,0.28903204379422215,0.28541144527986634,0.2857142857142857,3,7,2c8bbf1b851b76178ebf6701523e4f4147a7ebf8d27baf6bb5b1b65928342624,6cada27385735c79cdb1b1b57b605207494ee80e713b8fdd07882d1fe4ecc429
sub-027,10,0.3994506078737035,0.54265194999698,0.5263157894736842,1,19,0f2325f2b0a8ef61a55c2adce1fb6a1bf6aa916ef613669e5a5a91394d9a2af6,0e7ae3d6a418b89005a539baa8ca4953f9f4693220d458249f92b529245d513a
sub-028,10,0.27232045883656486,0.22533577533577534,0.16666666666666666,3,6,87e7a6e3b854fb1e061cc70f3530506871d203962a1329e1c41119cf4bc0bc82,1dfc02cee9babbe9eba7b64f4975c892f7f2df0ff97f7cd535bdea494e904265
sub-029,10,0.18167333548220274,0.26785714285714285,0.0,4,2,f142625dd483c7e4147a5586f8abb4058f5678e1a189c849e461a7e10646917d,8498d5421b0f00a51ff915ecf6f2cac1079e3b1bf58ca94a6e73322a351655bd
sub-030,10,0.3828965146515846,0.4197875808402124,0.3,1,10,95024f72a9179f262963260ca24fe1dc78859bbfdd325867b9ddcec2d4a53743,a4795a3707611040596b6e88b6077342c5e70af025556dad5deb6dadd4de902a
sub-001,20,0.30156261803050716,0.7000000000000001,0.3333333333333333,1,3,08243b0af740a36cf67e33e8c1bb18a4d9bfbfd6b2b3d24384652064156f57c1,7daf844ac3a8036bcc500ec93b78f331dc5c7930888204a2481e42ae2a516e39
sub-002,20,0.46289977413782646,0.7328852655120403,0.6,1,15,a2ac0250c64fde2b7b929fdf55a2aaa8f96230dd055a004cd854ee3526c8a5a4,d7c32ee4736eab801eb4197dfa2a2265c293e6c369118472373f975121bd59b1
sub-003,20,0.4089057897695066,0.8187500000000001,0.75,1,8,d175014d77247451b8b467a94681ee502c654c8f0f2aeee25930d881bdb17ed8,0225a28b296f1062fe1d8bf9260c176e4b9f6cc09e3a79b2245c10fbac60c2d8
sub-004,20,0.33186373357693877,0.7222222222222222,0.6666666666666666,1,3,a91e83e94a8dc7a12903ebcd3504156b6e61bb5f5ca0e3ec54330ce1f3f24da9,38d3ddb9102f564d25ae6cfa4a1d4b4150fa50ac5c1ce68d7fade786e7bd7ea4
sub-005,20,0.3308097937165519,0.572275641025641,0.5,1,8,de12904856a0dbfef598a7ae22f942b1aa9af1085c2a1ea53e9f6bd9b58a9ff4,2c747778570d0f21693fed421181a29f8e8c7f928f885b8a809c9600dc6f10a4
sub-006,20,0.3025886251116177,0.6696581196581196,0.6666666666666666,1,6,c3290bde41697ed30900560c96276418ef3b8ce8ea986dd41f221dd310554b34,d1222d5f4151dd3979497cf1e25ce833f14cd6752299c28476eb387ebb31b993
sub-007,20,0.37351275076475976,0.8089285714285713,0.5714285714285714,1,7,66c4ded482360186ac3809e3f2ff67ec648f99ec942dd02a5d0f195757402798,7aecf233e4baae34fd09c2a147f50466db1700b93af61880432aaf25a142e52f
sub-008,20,0.2653871787875222,0.8303571428571428,0.75,1,4,b592e532a8f2b353eac41a000c46a22d4066f88b38308d8b55dbc85fda1366ab,681059c933f755dafcbefa0067f3774b82ac7ba595a4e9b54aa98b4ff9a82338
sub-009,20,0.2550781511896951,0.7254901960784313,0.6666666666666666,1,3,a5c2106c514a9d7a256cb0e75b0975619aa4f8b13777541b388f87080dad43be,4ab5fdc6a2d9934e0b9827798e2f014382dd90502c6d6d660335d365fb822b18
sub-010,20,0.4141666914970862,1.0,1.0,1,5,a1965952290b73f6ab256c216fc418443186fb19938692a462bd77806d2c0964,8d7e62888d773bc8da94bb2d6140463467b5227c0b84f4a19da773e903a9c550
sub-011,20,0.3573268008819786,1.0,1.0,1,2,4638eec93f33c5f23767dcc96a08ac109d0cf970bbdb58089a32bd242c1fdc5b,1c17b5d3a9384327e32905efbb74741695a59c378c95a76625d8dab631b08003
sub-012,20,0.44323985787235404,0.8119047619047618,0.7142857142857143,1,7,1978e990933c7eb373adce0cbd54e99a278408a14b7acf07e362bf939c3f5f9d,1414999d86a0b1233b5685650e9d10c847dbcce5ffd27717d541d1f8c94c88e5
sub-013,20,0.22370840703032985,0.3611111111111111,0.5,2,2,a5c7adff05d7290c4b18611f541d527a5e4b3437dfdfb39b031970758d6d8b3f,07fe7252492448df470ce621cfd6792dcbd46f21e6be0efc08952b3543fcde24
sub-014,20,0.27974009145126055,0.3616071428571428,0.25,2,4,2743e1171317a679edc848313efe7e62a96bd27b2a84abde73d091857822dc6b,4427f63128f05f972825b9caaafbd4c52c119073c24c8ce77e73f9417fea871f
sub-015,20,0.2806257325073523,1.0,1.0,1,1,921c0560dc4d6bdd9c1c0bd03a20be4df65179f9b937bb6475b490cd6b260666,622414c3961a8af13573e6ec551cd5258b8835002a7b487b6294df4627f04390
sub-016,20,0.20742516408324385,0.5,0.5,2,2,c65efe9f22b870c61739f3e636f8aefb0e58bb6606e741d2a1ea31cd3ed64345,8338de1b6f9895a57f39b8244abc750403b1c13bf5bab854ea76fa06c1d6eacf
sub-017,20,0.4815232135833588,0.7355413105413103,0.6153846153846154,1,13,79e328b7c13a2ed33f047cac473c310a363510e9c746734cc2e6eef1a75e60d0,130c7a69aece5eb6234a0d056016fd30ed3ccb316f87e6663bfd1b3a7e02dc67
sub-018,20,0.3851111446004124,0.6279365079365079,0.6,1,5,634e657f0fbb11f6f9668452a310cbf67b4a44bf6662074c1597a671ee34d460,2b82b2cc6547bb4a555c4beb14c719d7a0932eab067ea35803155417bd42ea27
sub-019,20,0.453354600056206,0.8094200643220252,0.6666666666666666,1,9,5972399d8cd10948554b0296573f9350607277674f6127e7933bec117b3b31d2,4458631788d94582a1b6c8e623dca07cd6efc08fbb40dff7f2309ff029d4ca19
sub-020,20,0.298995199339722,0.5569186560565871,0.5,1,6,af66449aee20f362ed1a45b97b47792ecb0adc1a5d34032c32af3a3a440a097e,488d3ee08487195bf994ab31a684be2d4017bdcc44ffda6d9ee1e0b1cc9d5611
sub-021,20,0.30926566459489946,0.6470238095238096,0.5,1,6,870bd08479baf52d98a9577953327f5db203baf2b136d224e9cc043f2d50bff9,1eabe4d1a4493a5d9fbbb4372d393930e843040af30728deed16aa37995e4dcf
sub-022,20,0.1306088625561817,0.25,0.0,4,1,6f1527e1a2f5ab065468c137ac88dd8494c37410b345d2b83188e874a0befb69,43f3a5d52e0bc8023fc090e420d936ddf979e0021a2cb98b6946748f0450d45b
sub-023,20,0.388799200028479,0.49962228152273397,0.46153846153846156,1,13,e04a57c2886e0a0db9e12cfac05b6d85495b5a35cb68898b9f5a935e9ee8f24d,bc1415c0922241c6931e1f31a575421a18f534fb641af0fa4544d2970e0f71f7
sub-024,20,0.27841329545239835,0.42457542457542463,0.25,1,4,3e85af68c94cdc0de0762dec959ed7ebbcf87ef8096da603c8bbcd68fd955a81,f0a655b67306dbe2553f91ecb1a8b3feb345175b25ac01f7530674e9f0fb81c5
sub-025,20,0.12944621763390127,0.25,0.0,4,1,8ffce6647b465a6e894ccf3740712f269fe0ae5dc4b703eb18c6c8084c935df3,2e0098ff82314cd3170ed25eed3d6ad07922cac23a178aa4f518b8d227c39482
sub-026,20,0.32176943255756435,0.5255889724310777,0.42857142857142855,1,7,2c8bbf1b851b76178ebf6701523e4f4147a7ebf8d27baf6bb5b1b65928342624,6cada27385735c79cdb1b1b57b605207494ee80e713b8fdd07882d1fe4ecc429
sub-027,20,0.46868329114824053,0.6262316107563555,0.5789473684210527,1,19,0f2325f2b0a8ef61a55c2adce1fb6a1bf6aa916ef613669e5a5a91394d9a2af6,0e7ae3d6a418b89005a539baa8ca4953f9f4693220d458249f92b529245d513a
sub-028,20,0.2999527983681342,0.3531746031746032,0.3333333333333333,5,6,87e7a6e3b854fb1e061cc70f3530506871d203962a1329e1c41119cf4bc0bc82,1dfc02cee9babbe9eba7b64f4975c892f7f2df0ff97f7cd535bdea494e904265
sub-029,20,0.18287607922468269,0.29166666666666663,0.0,4,2,f142625dd483c7e4147a5586f8abb4058f5678e1a189c849e461a7e10646917d,8498d5421b0f00a51ff915ecf6f2cac1079e3b1bf58ca94a6e73322a351655bd
sub-030,20,0.40877984331603723,0.558671020499968,0.4,1,10,95024f72a9179f262963260ca24fe1dc78859bbfdd325867b9ddcec2d4a53743,a4795a3707611040596b6e88b6077342c5e70af025556dad5deb6dadd4de902a
sub-001,40,0.3813577941690785,1.0,1.0,1,3,08243b0af740a36cf67e33e8c1bb18a4d9bfbfd6b2b3d24384652064156f57c1,7daf844ac3a8036bcc500ec93b78f331dc5c7930888204a2481e42ae2a516e39
sub-002,40,0.48384752584499824,0.8557747003399179,0.7333333333333333,1,15,a2ac0250c64fde2b7b929fdf55a2aaa8f96230dd055a004cd854ee3526c8a5a4,d7c32ee4736eab801eb4197dfa2a2265c293e6c369118472373f975121bd59b1
sub-003,40,0.4839493844198265,0.8726076007326007,0.875,1,8,d175014d77247451b8b467a94681ee502c654c8f0f2aeee25930d881bdb17ed8,0225a28b296f1062fe1d8bf9260c176e4b9f6cc09e3a79b2245c10fbac60c2d8
sub-004,40,0.3389627658439008,1.0,1.0,1,3,a91e83e94a8dc7a12903ebcd3504156b6e61bb5f5ca0e3ec54330ce1f3f24da9,38d3ddb9102f564d25ae6cfa4a1d4b4150fa50ac5c1ce68d7fade786e7bd7ea4
sub-005,40,0.3557880654336396,0.6390151515151515,0.5,1,8,de12904856a0dbfef598a7ae22f942b1aa9af1085c2a1ea53e9f6bd9b58a9ff4,2c747778570d0f21693fed421181a29f8e8c7f928f885b8a809c9600dc6f10a4
sub-006,40,0.3357853035068315,0.639102564102564,0.5,1,6,c3290bde41697ed30900560c96276418ef3b8ce8ea986dd41f221dd310554b34,d1222d5f4151dd3979497cf1e25ce833f14cd6752299c28476eb387ebb31b993
sub-007,40,0.41833052608119026,0.9379251700680271,0.8571428571428571,1,7,66c4ded482360186ac3809e3f2ff67ec648f99ec942dd02a5d0f195757402798,7aecf233e4baae34fd09c2a147f50466db1700b93af61880432aaf25a142e52f
sub-008,40,0.26793897858355614,0.95,0.75,1,4,b592e532a8f2b353eac41a000c46a22d4066f88b38308d8b55dbc85fda1366ab,681059c933f755dafcbefa0067f3774b82ac7ba595a4e9b54aa98b4ff9a82338
sub-009,40,0.29353607333622916,0.8333333333333334,0.6666666666666666,1,3,a5c2106c514a9d7a256cb0e75b0975619aa4f8b13777541b388f87080dad43be,4ab5fdc6a2d9934e0b9827798e2f014382dd90502c6d6d660335d365fb822b18
sub-010,40,0.41874031140318896,1.0,1.0,1,5,a1965952290b73f6ab256c216fc418443186fb19938692a462bd77806d2c0964,8d7e62888d773bc8da94bb2d6140463467b5227c0b84f4a19da773e903a9c550
sub-011,40,0.37689086192677507,1.0,1.0,1,2,4638eec93f33c5f23767dcc96a08ac109d0cf970bbdb58089a32bd242c1fdc5b,1c17b5d3a9384327e32905efbb74741695a59c378c95a76625d8dab631b08003
sub-012,40,0.4636689751604479,0.8051870748299318,0.8571428571428571,1,7,1978e990933c7eb373adce0cbd54e99a278408a14b7acf07e362bf939c3f5f9d,1414999d86a0b1233b5685650e9d10c847dbcce5ffd27717d541d1f8c94c88e5
sub-013,40,0.22766693865462384,0.5,0.5,2,2,a5c7adff05d7290c4b18611f541d527a5e4b3437dfdfb39b031970758d6d8b3f,07fe7252492448df470ce621cfd6792dcbd46f21e6be0efc08952b3543fcde24
sub-014,40,0.28276446144068007,0.525,0.5,1,4,2743e1171317a679edc848313efe7e62a96bd27b2a84abde73d091857822dc6b,4427f63128f05f972825b9caaafbd4c52c119073c24c8ce77e73f9417fea871f
sub-015,40,0.2882102117643078,1.0,1.0,1,1,921c0560dc4d6bdd9c1c0bd03a20be4df65179f9b937bb6475b490cd6b260666,622414c3961a8af13573e6ec551cd5258b8835002a7b487b6294df4627f04390
sub-016,40,0.25702911645386467,0.8333333333333333,0.5,1,2,c65efe9f22b870c61739f3e636f8aefb0e58bb6606e741d2a1ea31cd3ed64345,8338de1b6f9895a57f39b8244abc750403b1c13bf5bab854ea76fa06c1d6eacf
sub-017,40,0.49777363270280933,0.8670959382497844,0.9230769230769231,1,13,79e328b7c13a2ed33f047cac473c310a363510e9c746734cc2e6eef1a75e60d0,130c7a69aece5eb6234a0d056016fd30ed3ccb316f87e6663bfd1b3a7e02dc67
sub-018,40,0.44639646371919955,0.6551282051282051,0.6,1,5,634e657f0fbb11f6f9668452a310cbf67b4a44bf6662074c1597a671ee34d460,2b82b2cc6547bb4a555c4beb14c719d7a0932eab067ea35803155417bd42ea27
sub-019,40,0.47314804264011995,0.9161255411255412,0.7777777777777778,1,9,5972399d8cd10948554b0296573f9350607277674f6127e7933bec117b3b31d2,4458631788d94582a1b6c8e623dca07cd6efc08fbb40dff7f2309ff029d4ca19
sub-020,40,0.31535202598719486,0.6704365079365079,0.6666666666666666,1,6,af66449aee20f362ed1a45b97b47792ecb0adc1a5d34032c32af3a3a440a097e,488d3ee08487195bf994ab31a684be2d4017bdcc44ffda6d9ee1e0b1cc9d5611
sub-021,40,0.3182161960541574,0.7098595848595849,0.6666666666666666,1,6,870bd08479baf52d98a9577953327f5db203baf2b136d224e9cc043f2d50bff9,1eabe4d1a4493a5d9fbbb4372d393930e843040af30728deed16aa37995e4dcf
sub-022,40,0.13397941384795417,0.5,0.0,2,1,6f1527e1a2f5ab065468c137ac88dd8494c37410b345d2b83188e874a0befb69,43f3a5d52e0bc8023fc090e420d936ddf979e0021a2cb98b6946748f0450d45b
sub-023,40,0.40813955242192856,0.5658546795085256,0.46153846153846156,1,13,e04a57c2886e0a0db9e12cfac05b6d85495b5a35cb68898b9f5a935e9ee8f24d,bc1415c0922241c6931e1f31a575421a18f534fb641af0fa4544d2970e0f71f7
sub-024,40,0.28364193529593373,0.6339285714285714,0.5,1,4,3e85af68c94cdc0de0762dec959ed7ebbcf87ef8096da603c8bbcd68fd955a81,f0a655b67306dbe2553f91ecb1a8b3feb345175b25ac01f7530674e9f0fb81c5
sub-025,40,0.18176188103379637,1.0,1.0,1,1,8ffce6647b465a6e894ccf3740712f269fe0ae5dc4b703eb18c6c8084c935df3,2e0098ff82314cd3170ed25eed3d6ad07922cac23a178aa4f518b8d227c39482
sub-026,40,0.3373689665571306,0.732142857142857,0.5714285714285714,1,7,2c8bbf1b851b76178ebf6701523e4f4147a7ebf8d27baf6bb5b1b65928342624,6cada27385735c79cdb1b1b57b605207494ee80e713b8fdd07882d1fe4ecc429
sub-027,40,0.4993164171151717,0.8164806074558397,0.7368421052631579,1,19,0f2325f2b0a8ef61a55c2adce1fb6a1bf6aa916ef613669e5a5a91394d9a2af6,0e7ae3d6a418b89005a539baa8ca4953f9f4693220d458249f92b529245d513a
sub-028,40,0.30569839253860726,0.45168067226890757,0.5,2,6,87e7a6e3b854fb1e061cc70f3530506871d203962a1329e1c41119cf4bc0bc82,1dfc02cee9babbe9eba7b64f4975c892f7f2df0ff97f7cd535bdea494e904265
sub-029,40,0.18409358055909494,0.325,0.0,4,2,f142625dd483c7e4147a5586f8abb4058f5678e1a189c849e461a7e10646917d,8498d5421b0f00a51ff915ecf6f2cac1079e3b1bf58ca94a6e73322a351655bd
sub-030,40,0.4378147069058376,0.6012585589791473,0.5,1,10,95024f72a9179f262963260ca24fe1dc78859bbfdd325867b9ddcec2d4a53743,a4795a3707611040596b6e88b6077342c5e70af025556dad5deb6dadd4de902a
