auroc,average_precision,prevalence,first_ez_rank,mean_ez_rank,oracle_k_recall,subject,method
0.9685534591194969,0.7222222222222222,0.018518518518518517,1,7.0,0.6666666666666666,sub-001,personalized_map
0.4947589098532495,0.023365640807815575,0.018518518518518517,58,82.33333333333333,0.0,sub-001,loo_mean_map
0.9664570230607966,0.5444444444444444,0.018518518518518517,1,5.666666666666667,0.3333333333333333,sub-001,loo_ez_frequency
0.9043083900226757,0.5482734529823422,0.09259259259259259,1,22.066666666666666,0.4666666666666667,sub-002,personalized_map
0.472562358276644,0.08832929781009893,0.09259259259259259,18,85.53333333333333,0.0,sub-002,loo_mean_map
0.6244897959183673,0.3341196386498082,0.09259259259259259,1,67.0,0.4,sub-002,loo_ez_frequency
0.8465909090909091,0.45719824843235857,0.04938271604938271,1,28.125,0.375,sub-003,personalized_map
0.3741883116883117,0.05788710917512015,0.04938271604938271,6,100.875,0.125,sub-003,loo_mean_map
0.5982142857142857,0.07993157846045408,0.04938271604938271,19,61.75,0.0,sub-003,loo_ez_frequency
0.039832285115303984,0.012707063603688076,0.018518518518518517,144,154.66666666666666,0.0,sub-004,personalized_map
0.6834381551362684,0.03944984656338966,0.018518518518518517,34,52.333333333333336,0.0,sub-004,loo_mean_map
0.9664570230607966,0.5444444444444444,0.018518518518518517,1,5.666666666666667,0.3333333333333333,sub-004,loo_ez_frequency
0.47483766233766234,0.35290335019176805,0.04938271604938271,1,85.375,0.375,sub-005,personalized_map
0.19642857142857142,0.03298944565157925,0.04938271604938271,97,128.25,0.0,sub-005,loo_mean_map
0.4602272727272727,0.04771553444446821,0.04938271604938271,41,89.25,0.0,sub-005,loo_ez_frequency
0.42628205128205127,0.3546911481467972,0.037037037037037035,1,93.0,0.3333333333333333,sub-006,personalized_map
0.5480769230769231,0.046868135989444,0.037037037037037035,27,74.0,0.0,sub-006,loo_mean_map
0.7350427350427351,0.10707501109894974,0.037037037037037035,9,50.666666666666664,0.0,sub-006,loo_ez_frequency
0.2709677419354839,0.10267773909333207,0.043209876543209874,2,117.0,0.14285714285714285,sub-007,personalized_map
0.647926267281106,0.06793659782374184,0.043209876543209874,22,58.57142857142857,0.0,sub-007,loo_mean_map
0.812442396313364,0.413798185941043,0.043209876543209874,1,27.0,0.2857142857142857,sub-007,loo_ez_frequency
0.07120253164556962,0.016193729961845905,0.024691358024691357,126,149.25,0.0,sub-008,personalized_map
0.7183544303797469,0.19053243962591263,0.024691358024691357,2,47.0,0.25,sub-008,loo_mean_map
0.877373417721519,0.24365942028985504,0.024691358024691357,4,22.0,0.25,sub-008,loo_ez_frequency
0.1111111111111111,0.013782502852968337,0.018518518518518517,139,143.33333333333334,0.0,sub-009,personalized_map
0.7316561844863732,0.14316239316239318,0.018518518518518517,4,44.666666666666664,0.0,sub-009,loo_mean_map
0.3385744234800838,0.019037869037869037,0.018518518518518517,84,101.66666666666667,0.0,sub-009,loo_ez_frequency
0.4496815286624204,0.03811918973151412,0.030864197530864196,23,89.4,0.0,sub-010,personalized_map
0.7006369426751592,0.13290505226480837,0.030864197530864196,6,50.0,0.0,sub-010,loo_mean_map
0.9770700636942675,0.39126984126984127,0.030864197530864196,4,7.2,0.2,sub-010,loo_ez_frequency
0.421875,0.02540360873694207,0.012345679012345678,26,94.0,0.0,sub-011,personalized_map
0.86875,0.065,0.012345679012345678,20,22.5,0.0,sub-011,loo_mean_map
0.709375,0.037868162692847124,0.012345679012345678,31,38.5,0.0,sub-011,loo_ez_frequency
0.03778801843317972,0.025485518317765566,0.043209876543209874,137,153.14285714285714,0.0,sub-012,personalized_map
0.8248847926267281,0.18894461293289244,0.043209876543209874,3,31.142857142857142,0.2857142857142857,sub-012,loo_mean_map
0.9350230414746544,0.6428571428571429,0.043209876543209874,1,12.428571428571429,0.5714285714285714,sub-012,loo_ez_frequency
0.134375,0.010410127641766059,0.012345679012345678,118,140.0,0.0,sub-013,personalized_map
0.815625,0.04791666666666666,0.012345679012345678,30,31.0,0.0,sub-013,loo_mean_map
0.709375,0.039938556067588324,0.012345679012345678,31,36.5,0.0,sub-013,loo_ez_frequency
0.1060126582278481,0.01721563676557103,0.024691358024691357,140,143.75,0.0,sub-014,personalized_map
0.28164556962025317,0.020433483183483182,0.024691358024691357,84,116.0,0.0,sub-014,loo_mean_map
0.30854430379746833,0.01973535054457297,0.024691358024691357,49,126.5,0.0,sub-014,loo_ez_frequency
0.8944099378881988,0.05555555555555555,0.006172839506172839,18,18.0,0.0,sub-015,personalized_map
0.38509316770186336,0.01,0.006172839506172839,100,100.0,0.0,sub-015,loo_mean_map
1.0,1.0,0.006172839506172839,1,1.0,1.0,sub-015,loo_ez_frequency
0.4875,0.10617283950617284,0.012345679012345678,5,83.5,0.0,sub-016,personalized_map
0.190625,0.011124510099487488,0.012345679012345678,107,131.0,0.0,sub-016,loo_mean_map
0.4,0.015783343040186373,0.012345679012345678,85,93.0,0.0,sub-016,loo_ez_frequency
0.11925658234383067,0.12165382573066046,0.08024691358024691,1,138.23076923076923,0.07692307692307693,sub-017,personalized_map
0.6220960247805886,0.19232904653977995,0.08024691358024691,2,63.30769230769231,0.23076923076923078,sub-017,loo_mean_map
0.656943727413526,0.19209062856975656,0.08024691358024691,4,59.15384615384615,0.3076923076923077,sub-017,loo_ez_frequency
0.11847133757961784,0.02048442995291505,0.030864197530864196,65,141.4,0.0,sub-018,personalized_map
0.2445859872611465,0.024452505282211927,0.030864197530864196,38,121.6,0.0,sub-018,loo_mean_map
0.4439490445859873,0.028353770529300593,0.030864197530864196,62,101.2,0.0,sub-018,loo_ez_frequency
0.07988380537400146,0.03306863954184083,0.05555555555555555,127,145.77777777777777,0.0,sub-019,personalized_map
0.7690631808278867,0.24271305035193924,0.05555555555555555,3,40.333333333333336,0.3333333333333333,sub-019,loo_mean_map
0.6840958605664489,0.25091210885394327,0.05555555555555555,4,58.888888888888886,0.4444444444444444,sub-019,loo_ez_frequency
0.6666666666666666,0.5855887939221273,0.037037037037037035,1,55.5,0.5,sub-020,personalized_map
0.4636752136752137,0.03892197515504116,0.037037037037037035,26,87.16666666666667,0.0,sub-020,loo_mean_map
0.8306623931623931,0.3401975211440105,0.037037037037037035,1,25.333333333333332,0.3333333333333333,sub-020,loo_ez_frequency
0.7681623931623932,0.22456062097534965,0.037037037037037035,5,39.666666666666664,0.3333333333333333,sub-021,personalized_map
0.5523504273504274,0.04644247844453278,0.037037037037037035,43,73.33333333333333,0.0,sub-021,loo_mean_map
0.2799145299145299,0.027693482771144775,0.037037037037037035,86,119.33333333333333,0.0,sub-021,loo_ez_frequency
1.0,1.0,0.006172839506172839,1,1.0,1.0,sub-022,personalized_map
0.22981366459627328,0.008,0.006172839506172839,125,125.0,0.0,sub-022,loo_mean_map
0.2111801242236025,0.006666666666666667,0.006172839506172839,150,150.0,0.0,sub-022,loo_ez_frequency
0.12493546721734641,0.05169523630620769,0.08024691358024691,12,137.3846153846154,0.07692307692307693,sub-023,personalized_map
0.5761486835312338,0.15763603142203061,0.08024691358024691,2,70.15384615384616,0.23076923076923078,sub-023,loo_mean_map
0.6520392359318534,0.23260680944880288,0.08024691358024691,1,65.15384615384616,0.23076923076923078,sub-023,loo_ez_frequency
0.6376582278481012,0.3382419517102615,0.024691358024691357,1,59.75,0.25,sub-024,personalized_map
0.8623417721518988,0.336592039800995,0.024691358024691357,2,24.25,0.5,sub-024,loo_mean_map
0.8504746835443038,0.3730345911949685,0.024691358024691357,1,24.0,0.25,sub-024,loo_ez_frequency
0.968944099378882,0.16666666666666666,0.006172839506172839,6,6.0,0.0,sub-025,personalized_map
0.4409937888198758,0.01098901098901099,0.006172839506172839,91,91.0,0.0,sub-025,loo_mean_map
0.8260869565217391,0.02702702702702703,0.006172839506172839,37,37.0,0.0,sub-025,loo_ez_frequency
0.3741935483870968,0.23926589782799162,0.043209876543209874,1,101.0,0.2857142857142857,sub-026,personalized_map
0.8423963133640553,0.3318941317624661,0.043209876543209874,1,28.428571428571427,0.14285714285714285,sub-026,loo_mean_map
0.5211981566820276,0.08008392094160859,0.043209876543209874,6,64.85714285714286,0.14285714285714285,sub-026,loo_ez_frequency
0.08649245491350754,0.06738427158723691,0.11728395061728394,104,140.6315789473684,0.0,sub-027,personalized_map
0.5226352594773648,0.12583433302637184,0.11728395061728394,16,78.26315789473684,0.05263157894736842,sub-027,loo_mean_map
0.5415899889584099,0.16313659428640703,0.11728395061728394,5,76.10526315789474,0.15789473684210525,sub-027,loo_ez_frequency
0.18376068376068377,0.1876777155693868,0.037037037037037035,1,130.83333333333334,0.16666666666666666,sub-028,personalized_map
0.5245726495726496,0.04901025608505515,0.037037037037037035,19,77.66666666666667,0.0,sub-028,loo_mean_map
0.6111111111111112,0.07823607471494795,0.037037037037037035,6,67.33333333333333,0.16666666666666666,sub-028,loo_ez_frequency
0.996875,0.8333333333333333,0.012345679012345678,1,2.0,0.5,sub-029,personalized_map
0.23125,0.011750881316098707,0.012345679012345678,111,124.5,0.0,sub-029,loo_mean_map
0.9656250000000001,0.26666666666666666,0.012345679012345678,5,5.5,0.0,sub-029,loo_ez_frequency
0.10526315789473684,0.03709899412458393,0.06172839506172839,108,141.5,0.0,sub-030,personalized_map
0.5190789473684211,0.06573277759342104,0.06172839506172839,28,78.6,0.0,sub-030,loo_mean_map
0.5746710526315789,0.1916889002466589,0.06172839506172839,1,72.3,0.2,sub-030,loo_ez_frequency
